Timestamp,Ticker,Price,Volume,Change %
2025-06-20 15:20:04,CALM,"Ticker
CALM    102.76
Name: 2025-06-20 15:16:00+00:00, dtype: float64",0,"Ticker
CALM   -1.13
dtype: float64"
2025-06-20 15:20:04,NVTS,"Ticker
NVTS    6.83
Name: 2025-06-20 15:18:00+00:00, dtype: float64",0,"Ticker
NVTS   -3.6
dtype: float64"
2025-06-20 15:20:04,USVM,"Ticker
USVM    82.32
Name: 2025-06-20 14:46:00+00:00, dtype: float64",0,"Ticker
USVM   -0.6
dtype: float64"
2025-06-20 15:20:04,ACDC,"Ticker
ACDC    9.43
Name: 2025-06-20 15:12:00+00:00, dtype: float64",0,"Ticker
ACDC   -2.78
dtype: float64"
2025-06-20 15:20:04,RXRX,"Ticker
RXRX    5.07
Name: 2025-06-20 15:18:00+00:00, dtype: float64",0,"Ticker
RXRX   -2.96
dtype: float64"
2025-06-20 15:20:04,SLNO,"Ticker
SLNO    79.03
Name: 2025-06-20 15:17:00+00:00, dtype: float64",0,"Ticker
SLNO   -0.9
dtype: float64"
2025-06-20 15:20:04,SNTI,"Ticker
SNTI    2.22
Name: 2025-06-20 15:18:00+00:00, dtype: float64",0,"Ticker
SNTI    0.91
dtype: float64"
2025-06-20 15:20:04,META,"Ticker
META    686.01
Name: 2025-06-20 15:18:00+00:00, dtype: float64",0,"Ticker
META   -2.1
dtype: float64"
2025-06-20 15:20:04,BABA,"Ticker
BABA    113.49
Name: 2025-06-20 15:18:00+00:00, dtype: float64",0,"Ticker
BABA   -0.74
dtype: float64"
2025-06-20 15:20:04,PLTR,"Ticker
PLTR    139.23
Name: 2025-06-20 15:18:00+00:00, dtype: float64",0,"Ticker
PLTR   -1.05
dtype: float64"
2025-06-20 15:20:04,AMD,"Ticker
AMD    128.33
Name: 2025-06-20 15:18:00+00:00, dtype: float64",0,"Ticker
AMD   -0.47
dtype: float64"
2025-06-20 15:20:04,GOOG,"Ticker
GOOG    170.13
Name: 2025-06-20 15:18:00+00:00, dtype: float64",0,"Ticker
GOOG   -2.65
dtype: float64"
2025-06-20 15:20:04,COIN,"Ticker
COIN    303.71
Name: 2025-06-20 15:18:00+00:00, dtype: float64",0,"Ticker
COIN    0.11
dtype: float64"
2025-06-20 15:20:04,CRWD,"Ticker
CRWD    482.84
Name: 2025-06-20 15:18:00+00:00, dtype: float64",0,"Ticker
CRWD   -0.35
dtype: float64"
2025-06-20 15:20:04,CVX,"Ticker
CVX    148.73
Name: 2025-06-20 15:18:00+00:00, dtype: float64",0,"Ticker
CVX    0.14
dtype: float64"
2025-06-20 15:20:04,XOM,"Ticker
XOM    114.14
Name: 2025-06-20 15:18:00+00:00, dtype: float64",0,"Ticker
XOM    0.61
dtype: float64"
2025-06-20 15:20:04,NVO,"Ticker
NVO    73.41
Name: 2025-06-20 15:18:00+00:00, dtype: float64",0,"Ticker
NVO   -0.58
dtype: float64"
2025-06-20 15:21:50,CALM,"Ticker
CALM    102.76
Name: 2025-06-20 15:16:00+00:00, dtype: float64",0,"Ticker
CALM   -1.13
dtype: float64"
2025-06-20 15:21:50,NVTS,"Ticker
NVTS    6.83
Name: 2025-06-20 15:18:00+00:00, dtype: float64",0,"Ticker
NVTS   -3.6
dtype: float64"
2025-06-20 15:21:50,USVM,"Ticker
USVM    82.32
Name: 2025-06-20 14:46:00+00:00, dtype: float64",0,"Ticker
USVM   -0.6
dtype: float64"
2025-06-20 15:21:50,ACDC,"Ticker
ACDC    9.43
Name: 2025-06-20 15:12:00+00:00, dtype: float64",0,"Ticker
ACDC   -2.78
dtype: float64"
2025-06-20 15:21:50,RXRX,"Ticker
RXRX    5.07
Name: 2025-06-20 15:18:00+00:00, dtype: float64",0,"Ticker
RXRX   -2.96
dtype: float64"
2025-06-20 15:21:50,SLNO,"Ticker
SLNO    79.03
Name: 2025-06-20 15:17:00+00:00, dtype: float64",0,"Ticker
SLNO   -0.9
dtype: float64"
2025-06-20 15:21:50,SNTI,"Ticker
SNTI    2.22
Name: 2025-06-20 15:18:00+00:00, dtype: float64",0,"Ticker
SNTI    0.91
dtype: float64"
2025-06-20 15:21:50,META,"Ticker
META    686.01
Name: 2025-06-20 15:18:00+00:00, dtype: float64",0,"Ticker
META   -2.1
dtype: float64"
2025-06-20 15:21:50,BABA,"Ticker
BABA    113.49
Name: 2025-06-20 15:18:00+00:00, dtype: float64",0,"Ticker
BABA   -0.74
dtype: float64"
2025-06-20 15:21:50,PLTR,"Ticker
PLTR    139.23
Name: 2025-06-20 15:18:00+00:00, dtype: float64",0,"Ticker
PLTR   -1.05
dtype: float64"
2025-06-20 15:21:50,AMD,"Ticker
AMD    128.33
Name: 2025-06-20 15:18:00+00:00, dtype: float64",0,"Ticker
AMD   -0.47
dtype: float64"
2025-06-20 15:21:50,GOOG,"Ticker
GOOG    170.13
Name: 2025-06-20 15:18:00+00:00, dtype: float64",0,"Ticker
GOOG   -2.65
dtype: float64"
2025-06-20 15:21:50,COIN,"Ticker
COIN    303.71
Name: 2025-06-20 15:18:00+00:00, dtype: float64",0,"Ticker
COIN    0.11
dtype: float64"
2025-06-20 15:21:50,CRWD,"Ticker
CRWD    482.84
Name: 2025-06-20 15:18:00+00:00, dtype: float64",0,"Ticker
CRWD   -0.35
dtype: float64"
2025-06-20 15:21:50,CVX,"Ticker
CVX    148.73
Name: 2025-06-20 15:18:00+00:00, dtype: float64",0,"Ticker
CVX    0.14
dtype: float64"
2025-06-20 15:21:50,XOM,"Ticker
XOM    114.14
Name: 2025-06-20 15:18:00+00:00, dtype: float64",0,"Ticker
XOM    0.61
dtype: float64"
2025-06-20 15:21:50,NVO,"Ticker
NVO    73.41
Name: 2025-06-20 15:18:00+00:00, dtype: float64",0,"Ticker
NVO   -0.58
dtype: float64"
2025-06-20 15:23:01,CALM,"Ticker
CALM    102.92
Name: 2025-06-20 15:22:00+00:00, dtype: float64",0,"Ticker
CALM   -0.98
dtype: float64"
2025-06-20 15:23:01,NVTS,"Ticker
NVTS    6.82
Name: 2025-06-20 15:22:00+00:00, dtype: float64",0,"Ticker
NVTS   -3.6
dtype: float64"
2025-06-20 15:23:01,USVM,"Ticker
USVM    82.32
Name: 2025-06-20 14:46:00+00:00, dtype: float64",0,"Ticker
USVM   -0.6
dtype: float64"
2025-06-20 15:23:01,ACDC,"Ticker
ACDC    9.45
Name: 2025-06-20 15:22:00+00:00, dtype: float64",0,"Ticker
ACDC   -2.58
dtype: float64"
2025-06-20 15:23:01,RXRX,"Ticker
RXRX    5.07
Name: 2025-06-20 15:22:00+00:00, dtype: float64",0,"Ticker
RXRX   -3.06
dtype: float64"
2025-06-20 15:23:01,SLNO,"Ticker
SLNO    79.08
Name: 2025-06-20 15:21:00+00:00, dtype: float64",0,"Ticker
SLNO   -0.83
dtype: float64"
2025-06-20 15:23:01,SNTI,"Ticker
SNTI    2.22
Name: 2025-06-20 15:18:00+00:00, dtype: float64",0,"Ticker
SNTI    0.91
dtype: float64"
2025-06-20 15:23:01,META,"Ticker
META    684.53
Name: 2025-06-20 15:23:00+00:00, dtype: float64",0,"Ticker
META   -2.32
dtype: float64"
2025-06-20 15:23:01,BABA,"Ticker
BABA    113.44
Name: 2025-06-20 15:22:00+00:00, dtype: float64",0,"Ticker
BABA   -0.79
dtype: float64"
2025-06-20 15:23:01,PLTR,"Ticker
PLTR    138.9
Name: 2025-06-20 15:23:00+00:00, dtype: float64",0,"Ticker
PLTR   -1.28
dtype: float64"
2025-06-20 15:23:01,AMD,"Ticker
AMD    128.34
Name: 2025-06-20 15:23:00+00:00, dtype: float64",0,"Ticker
AMD   -0.47
dtype: float64"
2025-06-20 15:23:01,GOOG,"Ticker
GOOG    170.0
Name: 2025-06-20 15:23:00+00:00, dtype: float64",0,"Ticker
GOOG   -2.73
dtype: float64"
2025-06-20 15:23:01,COIN,"Ticker
COIN    304.06
Name: 2025-06-20 15:23:00+00:00, dtype: float64",0,"Ticker
COIN    0.23
dtype: float64"
2025-06-20 15:23:01,CRWD,"Ticker
CRWD    482.38
Name: 2025-06-20 15:23:00+00:00, dtype: float64",0,"Ticker
CRWD   -0.45
dtype: float64"
2025-06-20 15:23:01,CVX,"Ticker
CVX    148.64
Name: 2025-06-20 15:23:00+00:00, dtype: float64",0,"Ticker
CVX    0.08
dtype: float64"
2025-06-20 15:23:01,XOM,"Ticker
XOM    113.97
Name: 2025-06-20 15:22:00+00:00, dtype: float64",99743,"Ticker
XOM    0.46
dtype: float64"
2025-06-20 15:23:01,NVO,"Ticker
NVO    73.22
Name: 2025-06-20 15:22:00+00:00, dtype: float64",42980,"Ticker
NVO   -0.84
dtype: float64"
2025-06-20 15:25:20,CALM,"Ticker
CALM    102.91
Name: 2025-06-20 15:24:00+00:00, dtype: float64",0,"Ticker
CALM   -0.99
dtype: float64"
2025-06-20 15:25:20,NVTS,"Ticker
NVTS    6.83
Name: 2025-06-20 15:25:00+00:00, dtype: float64",0,"Ticker
NVTS   -3.53
dtype: float64"
2025-06-20 15:25:20,USVM,"Ticker
USVM    82.32
Name: 2025-06-20 14:46:00+00:00, dtype: float64",0,"Ticker
USVM   -0.6
dtype: float64"
2025-06-20 15:25:20,ACDC,"Ticker
ACDC    9.44
Name: 2025-06-20 15:24:00+00:00, dtype: float64",0,"Ticker
ACDC   -2.68
dtype: float64"
2025-06-20 15:25:20,RXRX,"Ticker
RXRX    5.07
Name: 2025-06-20 15:25:00+00:00, dtype: float64",0,"Ticker
RXRX   -3.15
dtype: float64"
2025-06-20 15:25:20,SLNO,"Ticker
SLNO    79.08
Name: 2025-06-20 15:23:00+00:00, dtype: float64",0,"Ticker
SLNO   -0.83
dtype: float64"
2025-06-20 15:25:20,SNTI,"Ticker
SNTI    2.22
Name: 2025-06-20 15:18:00+00:00, dtype: float64",0,"Ticker
SNTI    0.91
dtype: float64"
2025-06-20 15:25:20,META,"Ticker
META    684.65
Name: 2025-06-20 15:25:00+00:00, dtype: float64",0,"Ticker
META   -2.3
dtype: float64"
2025-06-20 15:25:20,BABA,"Ticker
BABA    113.51
Name: 2025-06-20 15:25:00+00:00, dtype: float64",0,"Ticker
BABA   -0.72
dtype: float64"
2025-06-20 15:25:20,PLTR,"Ticker
PLTR    139.12
Name: 2025-06-20 15:25:00+00:00, dtype: float64",0,"Ticker
PLTR   -1.13
dtype: float64"
2025-06-20 15:25:20,AMD,"Ticker
AMD    128.39
Name: 2025-06-20 15:25:00+00:00, dtype: float64",0,"Ticker
AMD   -0.43
dtype: float64"
2025-06-20 15:25:20,GOOG,"Ticker
GOOG    170.04
Name: 2025-06-20 15:25:00+00:00, dtype: float64",0,"Ticker
GOOG   -2.71
dtype: float64"
2025-06-20 15:25:20,COIN,"Ticker
COIN    304.71
Name: 2025-06-20 15:25:00+00:00, dtype: float64",0,"Ticker
COIN    0.44
dtype: float64"
2025-06-20 15:25:20,CRWD,"Ticker
CRWD    482.12
Name: 2025-06-20 15:24:00+00:00, dtype: float64",0,"Ticker
CRWD   -0.5
dtype: float64"
2025-06-20 15:25:20,CVX,"Ticker
CVX    148.58
Name: 2025-06-20 15:25:00+00:00, dtype: float64",0,"Ticker
CVX    0.04
dtype: float64"
2025-06-20 15:25:20,XOM,"Ticker
XOM    113.9
Name: 2025-06-20 15:25:00+00:00, dtype: float64",0,"Ticker
XOM    0.4
dtype: float64"
2025-06-20 15:25:20,NVO,"Ticker
NVO    73.36
Name: 2025-06-20 15:25:00+00:00, dtype: float64",0,"Ticker
NVO   -0.66
dtype: float64"
2025-06-20 15:27:58,CALM,"Ticker
CALM    103.02
Name: 2025-06-20 15:27:00+00:00, dtype: float64",0,"Ticker
CALM   -0.88
dtype: float64"
2025-06-20 15:27:58,NVTS,"Ticker
NVTS    6.86
Name: 2025-06-20 15:27:00+00:00, dtype: float64",0,"Ticker
NVTS   -3.11
dtype: float64"
2025-06-20 15:27:58,USVM,"Ticker
USVM    82.32
Name: 2025-06-20 14:46:00+00:00, dtype: float64",0,"Ticker
USVM   -0.6
dtype: float64"
2025-06-20 15:27:58,ACDC,"Ticker
ACDC    9.44
Name: 2025-06-20 15:25:00+00:00, dtype: float64",0,"Ticker
ACDC   -2.68
dtype: float64"
2025-06-20 15:27:58,RXRX,"Ticker
RXRX    5.07
Name: 2025-06-20 15:27:00+00:00, dtype: float64",0,"Ticker
RXRX   -2.96
dtype: float64"
2025-06-20 15:27:58,SLNO,"Ticker
SLNO    79.25
Name: 2025-06-20 15:26:00+00:00, dtype: float64",0,"Ticker
SLNO   -0.61
dtype: float64"
2025-06-20 15:27:58,SNTI,"Ticker
SNTI    2.22
Name: 2025-06-20 15:18:00+00:00, dtype: float64",0,"Ticker
SNTI    0.91
dtype: float64"
2025-06-20 15:27:58,META,"Ticker
META    685.56
Name: 2025-06-20 15:27:00+00:00, dtype: float64",0,"Ticker
META   -2.17
dtype: float64"
2025-06-20 15:27:58,BABA,"Ticker
BABA    113.46
Name: 2025-06-20 15:27:00+00:00, dtype: float64",0,"Ticker
BABA   -0.77
dtype: float64"
2025-06-20 15:27:58,PLTR,"Ticker
PLTR    139.29
Name: 2025-06-20 15:27:00+00:00, dtype: float64",171999,"Ticker
PLTR   -1.01
dtype: float64"
2025-06-20 15:27:58,AMD,"Ticker
AMD    128.89
Name: 2025-06-20 15:27:00+00:00, dtype: float64",585897,"Ticker
AMD   -0.04
dtype: float64"
2025-06-20 15:27:58,GOOG,"Ticker
GOOG    170.16
Name: 2025-06-20 15:28:00+00:00, dtype: float64",0,"Ticker
GOOG   -2.64
dtype: float64"
2025-06-20 15:27:58,COIN,"Ticker
COIN    305.79
Name: 2025-06-20 15:27:00+00:00, dtype: float64",111596,"Ticker
COIN    0.79
dtype: float64"
2025-06-20 15:27:58,CRWD,"Ticker
CRWD    482.36
Name: 2025-06-20 15:27:00+00:00, dtype: float64",0,"Ticker
CRWD   -0.45
dtype: float64"
2025-06-20 15:27:58,CVX,"Ticker
CVX    148.62
Name: 2025-06-20 15:28:00+00:00, dtype: float64",0,"Ticker
CVX    0.07
dtype: float64"
2025-06-20 15:27:58,XOM,"Ticker
XOM    114.01
Name: 2025-06-20 15:27:00+00:00, dtype: float64",0,"Ticker
XOM    0.5
dtype: float64"
2025-06-20 15:27:58,NVO,"Ticker
NVO    73.25
Name: 2025-06-20 15:27:00+00:00, dtype: float64",0,"Ticker
NVO   -0.81
dtype: float64"
2025-06-20 15:30:05,CALM,"Ticker
CALM    103.02
Name: 2025-06-20 15:27:00+00:00, dtype: float64",0,"Ticker
CALM   -0.88
dtype: float64"
2025-06-20 15:30:05,NVTS,"Ticker
NVTS    6.85
Name: 2025-06-20 15:29:00+00:00, dtype: float64",0,"Ticker
NVTS   -3.23
dtype: float64"
2025-06-20 15:30:05,USVM,"Ticker
USVM    82.32
Name: 2025-06-20 14:46:00+00:00, dtype: float64",0,"Ticker
USVM   -0.6
dtype: float64"
2025-06-20 15:30:05,ACDC,"Ticker
ACDC    9.44
Name: 2025-06-20 15:25:00+00:00, dtype: float64",0,"Ticker
ACDC   -2.68
dtype: float64"
2025-06-20 15:30:05,RXRX,"Ticker
RXRX    5.07
Name: 2025-06-20 15:29:00+00:00, dtype: float64",0,"Ticker
RXRX   -2.96
dtype: float64"
2025-06-20 15:30:05,SLNO,"Ticker
SLNO    79.25
Name: 2025-06-20 15:26:00+00:00, dtype: float64",0,"Ticker
SLNO   -0.61
dtype: float64"
2025-06-20 15:30:05,SNTI,"Ticker
SNTI    2.22
Name: 2025-06-20 15:18:00+00:00, dtype: float64",0,"Ticker
SNTI    0.91
dtype: float64"
2025-06-20 15:30:05,META,"Ticker
META    686.06
Name: 2025-06-20 15:29:00+00:00, dtype: float64",0,"Ticker
META   -2.1
dtype: float64"
2025-06-20 15:30:05,BABA,"Ticker
BABA    113.42
Name: 2025-06-20 15:28:00+00:00, dtype: float64",8269,"Ticker
BABA   -0.8
dtype: float64"
2025-06-20 15:30:05,PLTR,"Ticker
PLTR    139.25
Name: 2025-06-20 15:29:00+00:00, dtype: float64",0,"Ticker
PLTR   -1.04
dtype: float64"
2025-06-20 15:30:05,AMD,"Ticker
AMD    128.8
Name: 2025-06-20 15:29:00+00:00, dtype: float64",0,"Ticker
AMD   -0.11
dtype: float64"
2025-06-20 15:30:05,GOOG,"Ticker
GOOG    170.11
Name: 2025-06-20 15:29:00+00:00, dtype: float64",0,"Ticker
GOOG   -2.67
dtype: float64"
2025-06-20 15:30:05,COIN,"Ticker
COIN    305.05
Name: 2025-06-20 15:29:00+00:00, dtype: float64",0,"Ticker
COIN    0.55
dtype: float64"
2025-06-20 15:30:05,CRWD,"Ticker
CRWD    482.37
Name: 2025-06-20 15:28:00+00:00, dtype: float64",0,"Ticker
CRWD   -0.45
dtype: float64"
2025-06-20 15:30:05,CVX,"Ticker
CVX    148.66
Name: 2025-06-20 15:29:00+00:00, dtype: float64",0,"Ticker
CVX    0.09
dtype: float64"
2025-06-20 15:30:05,XOM,"Ticker
XOM    114.0
Name: 2025-06-20 15:28:00+00:00, dtype: float64",3851,"Ticker
XOM    0.49
dtype: float64"
2025-06-20 15:30:05,NVO,"Ticker
NVO    73.27
Name: 2025-06-20 15:29:00+00:00, dtype: float64",0,"Ticker
NVO   -0.77
dtype: float64"
2025-06-20 15:32:23,CALM,"Ticker
CALM    103.22
Name: 2025-06-20 15:31:00+00:00, dtype: float64",0,"Ticker
CALM   -0.69
dtype: float64"
2025-06-20 15:32:23,NVTS,"Ticker
NVTS    6.86
Name: 2025-06-20 15:31:00+00:00, dtype: float64",0,"Ticker
NVTS   -3.11
dtype: float64"
2025-06-20 15:32:23,USVM,"Ticker
USVM    82.27
Name: 2025-06-20 15:29:00+00:00, dtype: float64",0,"Ticker
USVM   -0.66
dtype: float64"
2025-06-20 15:32:23,ACDC,"Ticker
ACDC    9.45
Name: 2025-06-20 15:31:00+00:00, dtype: float64",0,"Ticker
ACDC   -2.58
dtype: float64"
2025-06-20 15:32:23,RXRX,"Ticker
RXRX    5.09
Name: 2025-06-20 15:31:00+00:00, dtype: float64",0,"Ticker
RXRX   -2.77
dtype: float64"
2025-06-20 15:32:23,SLNO,"Ticker
SLNO    79.03
Name: 2025-06-20 15:30:00+00:00, dtype: float64",0,"Ticker
SLNO   -0.89
dtype: float64"
2025-06-20 15:32:23,SNTI,"Ticker
SNTI    2.22
Name: 2025-06-20 15:18:00+00:00, dtype: float64",0,"Ticker
SNTI    0.91
dtype: float64"
2025-06-20 15:32:23,META,"Ticker
META    685.85
Name: 2025-06-20 15:31:00+00:00, dtype: float64",0,"Ticker
META   -2.13
dtype: float64"
2025-06-20 15:32:23,BABA,"Ticker
BABA    113.31
Name: 2025-06-20 15:31:00+00:00, dtype: float64",0,"Ticker
BABA   -0.9
dtype: float64"
2025-06-20 15:32:23,PLTR,"Ticker
PLTR    139.23
Name: 2025-06-20 15:31:00+00:00, dtype: float64",0,"Ticker
PLTR   -1.05
dtype: float64"
2025-06-20 15:32:23,AMD,"Ticker
AMD    128.8
Name: 2025-06-20 15:31:00+00:00, dtype: float64",0,"Ticker
AMD   -0.11
dtype: float64"
2025-06-20 15:32:23,GOOG,"Ticker
GOOG    170.02
Name: 2025-06-20 15:31:00+00:00, dtype: float64",0,"Ticker
GOOG   -2.72
dtype: float64"
2025-06-20 15:32:23,COIN,"Ticker
COIN    305.58
Name: 2025-06-20 15:31:00+00:00, dtype: float64",0,"Ticker
COIN    0.73
dtype: float64"
2025-06-20 15:32:23,CRWD,"Ticker
CRWD    482.57
Name: 2025-06-20 15:30:00+00:00, dtype: float64",0,"Ticker
CRWD   -0.41
dtype: float64"
2025-06-20 15:32:23,CVX,"Ticker
CVX    148.73
Name: 2025-06-20 15:31:00+00:00, dtype: float64",0,"Ticker
CVX    0.14
dtype: float64"
2025-06-20 15:32:23,XOM,"Ticker
XOM    114.01
Name: 2025-06-20 15:31:00+00:00, dtype: float64",0,"Ticker
XOM    0.5
dtype: float64"
2025-06-20 15:32:23,NVO,"Ticker
NVO    73.28
Name: 2025-06-20 15:31:00+00:00, dtype: float64",0,"Ticker
NVO   -0.76
dtype: float64"
2025-06-20 15:33:28,CALM,"Ticker
CALM    103.22
Name: 2025-06-20 15:31:00+00:00, dtype: float64",0,"Ticker
CALM   -0.69
dtype: float64"
2025-06-20 15:33:28,NVTS,"Ticker
NVTS    6.86
Name: 2025-06-20 15:31:00+00:00, dtype: float64",0,"Ticker
NVTS   -3.11
dtype: float64"
2025-06-20 15:33:28,USVM,"Ticker
USVM    82.27
Name: 2025-06-20 15:29:00+00:00, dtype: float64",0,"Ticker
USVM   -0.66
dtype: float64"
2025-06-20 15:33:28,ACDC,"Ticker
ACDC    9.45
Name: 2025-06-20 15:31:00+00:00, dtype: float64",0,"Ticker
ACDC   -2.58
dtype: float64"
2025-06-20 15:33:28,RXRX,"Ticker
RXRX    5.09
Name: 2025-06-20 15:31:00+00:00, dtype: float64",0,"Ticker
RXRX   -2.77
dtype: float64"
2025-06-20 15:33:28,SLNO,"Ticker
SLNO    79.03
Name: 2025-06-20 15:30:00+00:00, dtype: float64",0,"Ticker
SLNO   -0.89
dtype: float64"
2025-06-20 15:33:28,SNTI,"Ticker
SNTI    2.22
Name: 2025-06-20 15:18:00+00:00, dtype: float64",0,"Ticker
SNTI    0.91
dtype: float64"
2025-06-20 15:33:28,META,"Ticker
META    685.85
Name: 2025-06-20 15:31:00+00:00, dtype: float64",0,"Ticker
META   -2.13
dtype: float64"
2025-06-20 15:33:28,BABA,"Ticker
BABA    113.31
Name: 2025-06-20 15:31:00+00:00, dtype: float64",16787,"Ticker
BABA   -0.9
dtype: float64"
2025-06-20 15:33:28,PLTR,"Ticker
PLTR    139.23
Name: 2025-06-20 15:31:00+00:00, dtype: float64",0,"Ticker
PLTR   -1.05
dtype: float64"
2025-06-20 15:33:28,AMD,"Ticker
AMD    128.8
Name: 2025-06-20 15:31:00+00:00, dtype: float64",0,"Ticker
AMD   -0.11
dtype: float64"
2025-06-20 15:33:28,GOOG,"Ticker
GOOG    170.02
Name: 2025-06-20 15:31:00+00:00, dtype: float64",0,"Ticker
GOOG   -2.72
dtype: float64"
2025-06-20 15:33:28,COIN,"Ticker
COIN    305.58
Name: 2025-06-20 15:31:00+00:00, dtype: float64",0,"Ticker
COIN    0.73
dtype: float64"
2025-06-20 15:33:28,CRWD,"Ticker
CRWD    483.29
Name: 2025-06-20 15:32:00+00:00, dtype: float64",0,"Ticker
CRWD   -0.26
dtype: float64"
2025-06-20 15:33:28,CVX,"Ticker
CVX    148.73
Name: 2025-06-20 15:31:00+00:00, dtype: float64",8048,"Ticker
CVX    0.14
dtype: float64"
2025-06-20 15:33:28,XOM,"Ticker
XOM    114.01
Name: 2025-06-20 15:31:00+00:00, dtype: float64",20405,"Ticker
XOM    0.5
dtype: float64"
2025-06-20 15:33:28,NVO,"Ticker
NVO    73.28
Name: 2025-06-20 15:31:00+00:00, dtype: float64",7536,"Ticker
NVO   -0.76
dtype: float64"
2025-06-20 15:34:31,CALM,"Ticker
CALM    103.1
Name: 2025-06-20 15:33:00+00:00, dtype: float64",0,"Ticker
CALM   -0.8
dtype: float64"
2025-06-20 15:34:31,NVTS,"Ticker
NVTS    6.86
Name: 2025-06-20 15:34:00+00:00, dtype: float64",0,"Ticker
NVTS   -3.04
dtype: float64"
2025-06-20 15:34:31,USVM,"Ticker
USVM    82.27
Name: 2025-06-20 15:29:00+00:00, dtype: float64",0,"Ticker
USVM   -0.66
dtype: float64"
2025-06-20 15:34:31,ACDC,"Ticker
ACDC    9.47
Name: 2025-06-20 15:33:00+00:00, dtype: float64",0,"Ticker
ACDC   -2.37
dtype: float64"
2025-06-20 15:34:31,RXRX,"Ticker
RXRX    5.09
Name: 2025-06-20 15:34:00+00:00, dtype: float64",0,"Ticker
RXRX   -2.68
dtype: float64"
2025-06-20 15:34:31,SLNO,"Ticker
SLNO    79.15
Name: 2025-06-20 15:34:00+00:00, dtype: float64",0,"Ticker
SLNO   -0.74
dtype: float64"
2025-06-20 15:34:31,SNTI,"Ticker
SNTI    2.22
Name: 2025-06-20 15:18:00+00:00, dtype: float64",0,"Ticker
SNTI    0.91
dtype: float64"
2025-06-20 15:34:31,META,"Ticker
META    686.34
Name: 2025-06-20 15:34:00+00:00, dtype: float64",0,"Ticker
META   -2.06
dtype: float64"
2025-06-20 15:34:31,BABA,"Ticker
BABA    113.22
Name: 2025-06-20 15:34:00+00:00, dtype: float64",0,"Ticker
BABA   -0.98
dtype: float64"
2025-06-20 15:34:31,PLTR,"Ticker
PLTR    139.34
Name: 2025-06-20 15:34:00+00:00, dtype: float64",0,"Ticker
PLTR   -0.97
dtype: float64"
2025-06-20 15:34:31,AMD,"Ticker
AMD    129.0
Name: 2025-06-20 15:34:00+00:00, dtype: float64",0,"Ticker
AMD    0.05
dtype: float64"
2025-06-20 15:34:31,GOOG,"Ticker
GOOG    170.01
Name: 2025-06-20 15:34:00+00:00, dtype: float64",0,"Ticker
GOOG   -2.72
dtype: float64"
2025-06-20 15:34:31,COIN,"Ticker
COIN    305.5
Name: 2025-06-20 15:34:00+00:00, dtype: float64",0,"Ticker
COIN    0.7
dtype: float64"
2025-06-20 15:34:31,CRWD,"Ticker
CRWD    483.64
Name: 2025-06-20 15:33:00+00:00, dtype: float64",0,"Ticker
CRWD   -0.19
dtype: float64"
2025-06-20 15:34:31,CVX,"Ticker
CVX    148.7
Name: 2025-06-20 15:34:00+00:00, dtype: float64",0,"Ticker
CVX    0.12
dtype: float64"
2025-06-20 15:34:31,XOM,"Ticker
XOM    114.02
Name: 2025-06-20 15:34:00+00:00, dtype: float64",0,"Ticker
XOM    0.51
dtype: float64"
2025-06-20 15:34:31,NVO,"Ticker
NVO    73.29
Name: 2025-06-20 15:34:00+00:00, dtype: float64",0,"Ticker
NVO   -0.74
dtype: float64"
2025-06-20 15:35:34,CALM,"Ticker
CALM    103.1
Name: 2025-06-20 15:33:00+00:00, dtype: float64",0,"Ticker
CALM   -0.8
dtype: float64"
2025-06-20 15:35:34,NVTS,"Ticker
NVTS    6.88
Name: 2025-06-20 15:35:00+00:00, dtype: float64",0,"Ticker
NVTS   -2.82
dtype: float64"
2025-06-20 15:35:34,USVM,"Ticker
USVM    82.27
Name: 2025-06-20 15:29:00+00:00, dtype: float64",0,"Ticker
USVM   -0.66
dtype: float64"
2025-06-20 15:35:34,ACDC,"Ticker
ACDC    9.47
Name: 2025-06-20 15:33:00+00:00, dtype: float64",0,"Ticker
ACDC   -2.37
dtype: float64"
2025-06-20 15:35:34,RXRX,"Ticker
RXRX    5.09
Name: 2025-06-20 15:35:00+00:00, dtype: float64",0,"Ticker
RXRX   -2.58
dtype: float64"
2025-06-20 15:35:34,SLNO,"Ticker
SLNO    79.15
Name: 2025-06-20 15:34:00+00:00, dtype: float64",0,"Ticker
SLNO   -0.74
dtype: float64"
2025-06-20 15:35:34,SNTI,"Ticker
SNTI    2.22
Name: 2025-06-20 15:18:00+00:00, dtype: float64",0,"Ticker
SNTI    0.91
dtype: float64"
2025-06-20 15:35:34,META,"Ticker
META    686.34
Name: 2025-06-20 15:35:00+00:00, dtype: float64",0,"Ticker
META   -2.06
dtype: float64"
2025-06-20 15:35:34,BABA,"Ticker
BABA    113.27
Name: 2025-06-20 15:35:00+00:00, dtype: float64",0,"Ticker
BABA   -0.94
dtype: float64"
2025-06-20 15:35:34,PLTR,"Ticker
PLTR    139.3
Name: 2025-06-20 15:35:00+00:00, dtype: float64",0,"Ticker
PLTR   -1.0
dtype: float64"
2025-06-20 15:35:34,AMD,"Ticker
AMD    129.07
Name: 2025-06-20 15:35:00+00:00, dtype: float64",0,"Ticker
AMD    0.1
dtype: float64"
2025-06-20 15:35:34,GOOG,"Ticker
GOOG    170.04
Name: 2025-06-20 15:35:00+00:00, dtype: float64",0,"Ticker
GOOG   -2.71
dtype: float64"
2025-06-20 15:35:34,COIN,"Ticker
COIN    305.54
Name: 2025-06-20 15:35:00+00:00, dtype: float64",0,"Ticker
COIN    0.71
dtype: float64"
2025-06-20 15:35:34,CRWD,"Ticker
CRWD    483.49
Name: 2025-06-20 15:35:00+00:00, dtype: float64",0,"Ticker
CRWD   -0.22
dtype: float64"
2025-06-20 15:35:34,CVX,"Ticker
CVX    148.78
Name: 2025-06-20 15:35:00+00:00, dtype: float64",0,"Ticker
CVX    0.18
dtype: float64"
2025-06-20 15:35:34,XOM,"Ticker
XOM    114.07
Name: 2025-06-20 15:35:00+00:00, dtype: float64",0,"Ticker
XOM    0.55
dtype: float64"
2025-06-20 15:35:34,NVO,"Ticker
NVO    73.28
Name: 2025-06-20 15:35:00+00:00, dtype: float64",0,"Ticker
NVO   -0.76
dtype: float64"
2025-06-20 15:36:36,CALM,"Ticker
CALM    103.1
Name: 2025-06-20 15:33:00+00:00, dtype: float64",0,"Ticker
CALM   -0.8
dtype: float64"
2025-06-20 15:36:36,NVTS,"Ticker
NVTS    6.88
Name: 2025-06-20 15:35:00+00:00, dtype: float64",0,"Ticker
NVTS   -2.82
dtype: float64"
2025-06-20 15:36:36,USVM,"Ticker
USVM    82.27
Name: 2025-06-20 15:29:00+00:00, dtype: float64",0,"Ticker
USVM   -0.66
dtype: float64"
2025-06-20 15:36:36,ACDC,"Ticker
ACDC    9.47
Name: 2025-06-20 15:33:00+00:00, dtype: float64",0,"Ticker
ACDC   -2.37
dtype: float64"
2025-06-20 15:36:36,RXRX,"Ticker
RXRX    5.1
Name: 2025-06-20 15:35:00+00:00, dtype: float64",0,"Ticker
RXRX   -2.49
dtype: float64"
2025-06-20 15:36:36,SLNO,"Ticker
SLNO    79.26
Name: 2025-06-20 15:35:00+00:00, dtype: float64",0,"Ticker
SLNO   -0.6
dtype: float64"
2025-06-20 15:36:36,SNTI,"Ticker
SNTI    2.22
Name: 2025-06-20 15:18:00+00:00, dtype: float64",0,"Ticker
SNTI    0.91
dtype: float64"
2025-06-20 15:36:36,META,"Ticker
META    686.91
Name: 2025-06-20 15:35:00+00:00, dtype: float64",0,"Ticker
META   -1.97
dtype: float64"
2025-06-20 15:36:36,BABA,"Ticker
BABA    113.26
Name: 2025-06-20 15:35:00+00:00, dtype: float64",0,"Ticker
BABA   -0.95
dtype: float64"
2025-06-20 15:36:36,PLTR,"Ticker
PLTR    139.26
Name: 2025-06-20 15:35:00+00:00, dtype: float64",0,"Ticker
PLTR   -1.03
dtype: float64"
2025-06-20 15:36:36,AMD,"Ticker
AMD    129.1
Name: 2025-06-20 15:35:00+00:00, dtype: float64",0,"Ticker
AMD    0.12
dtype: float64"
2025-06-20 15:36:36,GOOG,"Ticker
GOOG    170.01
Name: 2025-06-20 15:35:00+00:00, dtype: float64",0,"Ticker
GOOG   -2.72
dtype: float64"
2025-06-20 15:36:36,COIN,"Ticker
COIN    305.59
Name: 2025-06-20 15:35:00+00:00, dtype: float64",0,"Ticker
COIN    0.73
dtype: float64"
2025-06-20 15:36:36,CRWD,"Ticker
CRWD    483.2
Name: 2025-06-20 15:35:00+00:00, dtype: float64",0,"Ticker
CRWD   -0.28
dtype: float64"
2025-06-20 15:36:36,CVX,"Ticker
CVX    148.79
Name: 2025-06-20 15:35:00+00:00, dtype: float64",0,"Ticker
CVX    0.18
dtype: float64"
2025-06-20 15:36:36,XOM,"Ticker
XOM    114.07
Name: 2025-06-20 15:35:00+00:00, dtype: float64",0,"Ticker
XOM    0.54
dtype: float64"
2025-06-20 15:36:36,NVO,"Ticker
NVO    73.29
Name: 2025-06-20 15:35:00+00:00, dtype: float64",0,"Ticker
NVO   -0.75
dtype: float64"
2025-06-20 15:37:39,CALM,"Ticker
CALM    103.18
Name: 2025-06-20 15:36:00+00:00, dtype: float64",0,"Ticker
CALM   -0.73
dtype: float64"
2025-06-20 15:37:39,NVTS,"Ticker
NVTS    6.89
Name: 2025-06-20 15:37:00+00:00, dtype: float64",0,"Ticker
NVTS   -2.61
dtype: float64"
2025-06-20 15:37:39,USVM,"Ticker
USVM    82.27
Name: 2025-06-20 15:29:00+00:00, dtype: float64",0,"Ticker
USVM   -0.66
dtype: float64"
2025-06-20 15:37:39,ACDC,"Ticker
ACDC    9.47
Name: 2025-06-20 15:37:00+00:00, dtype: float64",0,"Ticker
ACDC   -2.37
dtype: float64"
2025-06-20 15:37:39,RXRX,"Ticker
RXRX    5.1
Name: 2025-06-20 15:37:00+00:00, dtype: float64",0,"Ticker
RXRX   -2.49
dtype: float64"
2025-06-20 15:37:39,SLNO,"Ticker
SLNO    79.23
Name: 2025-06-20 15:35:00+00:00, dtype: float64",0,"Ticker
SLNO   -0.64
dtype: float64"
2025-06-20 15:37:39,SNTI,"Ticker
SNTI    2.22
Name: 2025-06-20 15:18:00+00:00, dtype: float64",0,"Ticker
SNTI    0.91
dtype: float64"
2025-06-20 15:37:39,META,"Ticker
META    687.85
Name: 2025-06-20 15:37:00+00:00, dtype: float64",0,"Ticker
META   -1.84
dtype: float64"
2025-06-20 15:37:39,BABA,"Ticker
BABA    113.33
Name: 2025-06-20 15:37:00+00:00, dtype: float64",0,"Ticker
BABA   -0.88
dtype: float64"
2025-06-20 15:37:39,PLTR,"Ticker
PLTR    139.2
Name: 2025-06-20 15:37:00+00:00, dtype: float64",0,"Ticker
PLTR   -1.07
dtype: float64"
2025-06-20 15:37:39,AMD,"Ticker
AMD    129.55
Name: 2025-06-20 15:37:00+00:00, dtype: float64",0,"Ticker
AMD    0.48
dtype: float64"
2025-06-20 15:37:39,GOOG,"Ticker
GOOG    170.24
Name: 2025-06-20 15:37:00+00:00, dtype: float64",0,"Ticker
GOOG   -2.59
dtype: float64"
2025-06-20 15:37:39,COIN,"Ticker
COIN    306.63
Name: 2025-06-20 15:37:00+00:00, dtype: float64",0,"Ticker
COIN    1.07
dtype: float64"
2025-06-20 15:37:39,CRWD,"Ticker
CRWD    483.51
Name: 2025-06-20 15:37:00+00:00, dtype: float64",0,"Ticker
CRWD   -0.21
dtype: float64"
2025-06-20 15:37:39,CVX,"Ticker
CVX    148.85
Name: 2025-06-20 15:37:00+00:00, dtype: float64",0,"Ticker
CVX    0.22
dtype: float64"
2025-06-20 15:37:39,XOM,"Ticker
XOM    114.11
Name: 2025-06-20 15:37:00+00:00, dtype: float64",0,"Ticker
XOM    0.59
dtype: float64"
2025-06-20 15:37:39,NVO,"Ticker
NVO    73.36
Name: 2025-06-20 15:37:00+00:00, dtype: float64",0,"Ticker
NVO   -0.64
dtype: float64"
2025-06-20 11:38:44,CRWV,"Ticker
CRWV    182.979996
Name: 2025-06-20 15:38:00+00:00, dtype: float64",0,"Ticker
CRWV    6.45
dtype: float64"
2025-06-20 11:38:44,NVTS,"Ticker
NVTS    6.8999
Name: 2025-06-20 15:38:00+00:00, dtype: float64",0,"Ticker
NVTS   -2.54
dtype: float64"
2025-06-20 11:38:44,USVM,"Ticker
USVM    82.269997
Name: 2025-06-20 15:29:00+00:00, dtype: float64",0,"Ticker
USVM   -0.66
dtype: float64"
2025-06-20 11:38:44,AAPL,"Ticker
AAPL    198.460007
Name: 2025-06-20 15:38:00+00:00, dtype: float64",0,"Ticker
AAPL    0.11
dtype: float64"
2025-06-20 11:38:44,RXRX,"Ticker
RXRX    5.095
Name: 2025-06-20 15:38:00+00:00, dtype: float64",0,"Ticker
RXRX   -2.58
dtype: float64"
2025-06-20 11:38:44,SLNO,"Ticker
SLNO    79.25
Name: 2025-06-20 15:37:00+00:00, dtype: float64",0,"Ticker
SLNO   -0.61
dtype: float64"
2025-06-20 11:38:44,MNMD,"Ticker
MNMD    6.95
Name: 2025-06-20 15:38:00+00:00, dtype: float64",0,"Ticker
MNMD   -3.74
dtype: float64"
2025-06-20 11:38:44,SNTI,"Ticker
SNTI    2.22
Name: 2025-06-20 15:18:00+00:00, dtype: float64",0,"Ticker
SNTI    0.91
dtype: float64"
2025-06-20 11:38:44,QQQ,"Ticker
QQQ    528.210022
Name: 2025-06-20 15:38:00+00:00, dtype: float64",0,"Ticker
QQQ   -0.74
dtype: float64"
2025-06-20 11:38:44,META,"Ticker
META    687.679993
Name: 2025-06-20 15:38:00+00:00, dtype: float64",0,"Ticker
META   -1.87
dtype: float64"
2025-06-20 11:38:44,BABA,"Ticker
BABA    113.315002
Name: 2025-06-20 15:38:00+00:00, dtype: float64",0,"Ticker
BABA   -0.9
dtype: float64"
2025-06-20 11:38:44,PLTR,"Ticker
PLTR    139.160004
Name: 2025-06-20 15:38:00+00:00, dtype: float64",0,"Ticker
PLTR   -1.1
dtype: float64"
2025-06-20 11:38:44,AMD,"Ticker
AMD    129.479996
Name: 2025-06-20 15:38:00+00:00, dtype: float64",0,"Ticker
AMD    0.42
dtype: float64"
2025-06-20 11:38:44,GOOG,"Ticker
GOOG    170.139999
Name: 2025-06-20 15:38:00+00:00, dtype: float64",0,"Ticker
GOOG   -2.65
dtype: float64"
2025-06-20 11:38:44,COIN,"Ticker
COIN    306.684998
Name: 2025-06-20 15:38:00+00:00, dtype: float64",0,"Ticker
COIN    1.09
dtype: float64"
2025-06-20 11:38:44,F,"Ticker
F    10.54
Name: 2025-06-20 15:38:00+00:00, dtype: float64",0,"Ticker
F    0.48
dtype: float64"
2025-06-20 11:38:44,T,"Ticker
T    28.049999
Name: 2025-06-20 15:38:00+00:00, dtype: float64",0,"Ticker
T    1.34
dtype: float64"
2025-06-20 11:38:44,CVX,"Ticker
CVX    148.869995
Name: 2025-06-20 15:38:00+00:00, dtype: float64",0,"Ticker
CVX    0.24
dtype: float64"
2025-06-20 11:38:44,XOM,"Ticker
XOM    114.099998
Name: 2025-06-20 15:38:00+00:00, dtype: float64",0,"Ticker
XOM    0.57
dtype: float64"
2025-06-20 11:40:32,CRWV,"Ticker
CRWV    183.380005
Name: 2025-06-20 15:40:00+00:00, dtype: float64",0,"Ticker
CRWV    6.68
dtype: float64"
2025-06-20 11:40:32,NVTS,"Ticker
NVTS    6.9
Name: 2025-06-20 15:40:00+00:00, dtype: float64",0,"Ticker
NVTS   -2.54
dtype: float64"
2025-06-20 11:40:32,USVM,"Ticker
USVM    82.269997
Name: 2025-06-20 15:29:00+00:00, dtype: float64",0,"Ticker
USVM   -0.66
dtype: float64"
2025-06-20 11:40:32,AAPL,"Ticker
AAPL    198.460007
Name: 2025-06-20 15:40:00+00:00, dtype: float64",0,"Ticker
AAPL    0.11
dtype: float64"
2025-06-20 11:40:32,RXRX,"Ticker
RXRX    5.1099
Name: 2025-06-20 15:40:00+00:00, dtype: float64",0,"Ticker
RXRX   -2.3
dtype: float64"
2025-06-20 11:40:32,SLNO,"Ticker
SLNO    79.290001
Name: 2025-06-20 15:39:00+00:00, dtype: float64",0,"Ticker
SLNO   -0.56
dtype: float64"
2025-06-20 11:40:32,MNMD,"Ticker
MNMD    6.95
Name: 2025-06-20 15:40:00+00:00, dtype: float64",0,"Ticker
MNMD   -3.74
dtype: float64"
2025-06-20 11:40:32,SNTI,"Ticker
SNTI    2.22
Name: 2025-06-20 15:18:00+00:00, dtype: float64",0,"Ticker
SNTI    0.91
dtype: float64"
2025-06-20 11:40:32,QQQ,"Ticker
QQQ    528.460022
Name: 2025-06-20 15:40:00+00:00, dtype: float64",0,"Ticker
QQQ   -0.69
dtype: float64"
2025-06-20 11:40:32,META,"Ticker
META    688.26593
Name: 2025-06-20 15:40:00+00:00, dtype: float64",0,"Ticker
META   -1.78
dtype: float64"
2025-06-20 11:40:32,BABA,"Ticker
BABA    113.330002
Name: 2025-06-20 15:40:00+00:00, dtype: float64",0,"Ticker
BABA   -0.88
dtype: float64"
2025-06-20 11:40:32,PLTR,"Ticker
PLTR    139.25
Name: 2025-06-20 15:40:00+00:00, dtype: float64",0,"Ticker
PLTR   -1.04
dtype: float64"
2025-06-20 11:40:32,AMD,"Ticker
AMD    129.649994
Name: 2025-06-20 15:40:00+00:00, dtype: float64",0,"Ticker
AMD    0.55
dtype: float64"
2025-06-20 11:40:32,GOOG,"Ticker
GOOG    170.320007
Name: 2025-06-20 15:40:00+00:00, dtype: float64",0,"Ticker
GOOG   -2.55
dtype: float64"
2025-06-20 11:40:32,COIN,"Ticker
COIN    307.029999
Name: 2025-06-20 15:40:00+00:00, dtype: float64",0,"Ticker
COIN    1.2
dtype: float64"
2025-06-20 11:40:32,F,"Ticker
F    10.55
Name: 2025-06-20 15:40:00+00:00, dtype: float64",0,"Ticker
F    0.57
dtype: float64"
2025-06-20 11:40:32,T,"Ticker
T    28.07
Name: 2025-06-20 15:40:00+00:00, dtype: float64",0,"Ticker
T    1.41
dtype: float64"
2025-06-20 11:40:32,CVX,"Ticker
CVX    148.964996
Name: 2025-06-20 15:40:00+00:00, dtype: float64",0,"Ticker
CVX    0.3
dtype: float64"
2025-06-20 11:40:32,XOM,"Ticker
XOM    114.195
Name: 2025-06-20 15:40:00+00:00, dtype: float64",0,"Ticker
XOM    0.66
dtype: float64"
2025-06-20 11:41:36,CRWV,"Ticker
CRWV    184.092499
Name: 2025-06-20 15:41:00+00:00, dtype: float64",0,"Ticker
CRWV    7.09
dtype: float64"
2025-06-20 11:41:36,NVTS,"Ticker
NVTS    6.9333
Name: 2025-06-20 15:41:00+00:00, dtype: float64",0,"Ticker
NVTS   -2.07
dtype: float64"
2025-06-20 11:41:36,USVM,"Ticker
USVM    82.269997
Name: 2025-06-20 15:29:00+00:00, dtype: float64",0,"Ticker
USVM   -0.66
dtype: float64"
2025-06-20 11:41:36,AAPL,"Ticker
AAPL    198.485001
Name: 2025-06-20 15:41:00+00:00, dtype: float64",0,"Ticker
AAPL    0.13
dtype: float64"
2025-06-20 11:41:36,RXRX,"Ticker
RXRX    5.1099
Name: 2025-06-20 15:41:00+00:00, dtype: float64",0,"Ticker
RXRX   -2.3
dtype: float64"
2025-06-20 11:41:36,SLNO,"Ticker
SLNO    79.290001
Name: 2025-06-20 15:39:00+00:00, dtype: float64",0,"Ticker
SLNO   -0.56
dtype: float64"
2025-06-20 11:41:36,MNMD,"Ticker
MNMD    6.95
Name: 2025-06-20 15:41:00+00:00, dtype: float64",0,"Ticker
MNMD   -3.74
dtype: float64"
2025-06-20 11:41:36,SNTI,"Ticker
SNTI    2.22
Name: 2025-06-20 15:18:00+00:00, dtype: float64",0,"Ticker
SNTI    0.91
dtype: float64"
2025-06-20 11:41:36,QQQ,"Ticker
QQQ    528.531189
Name: 2025-06-20 15:41:00+00:00, dtype: float64",0,"Ticker
QQQ   -0.68
dtype: float64"
2025-06-20 11:41:36,META,"Ticker
META    688.330017
Name: 2025-06-20 15:41:00+00:00, dtype: float64",0,"Ticker
META   -1.77
dtype: float64"
2025-06-20 11:41:36,BABA,"Ticker
BABA    113.32
Name: 2025-06-20 15:41:00+00:00, dtype: float64",0,"Ticker
BABA   -0.89
dtype: float64"
2025-06-20 11:41:36,PLTR,"Ticker
PLTR    139.210007
Name: 2025-06-20 15:41:00+00:00, dtype: float64",0,"Ticker
PLTR   -1.07
dtype: float64"
2025-06-20 11:41:36,AMD,"Ticker
AMD    129.466995
Name: 2025-06-20 15:41:00+00:00, dtype: float64",0,"Ticker
AMD    0.41
dtype: float64"
2025-06-20 11:41:36,GOOG,"Ticker
GOOG    170.255005
Name: 2025-06-20 15:41:00+00:00, dtype: float64",0,"Ticker
GOOG   -2.58
dtype: float64"
2025-06-20 11:41:36,COIN,"Ticker
COIN    307.269989
Name: 2025-06-20 15:41:00+00:00, dtype: float64",0,"Ticker
COIN    1.28
dtype: float64"
2025-06-20 11:41:36,F,"Ticker
F    10.54
Name: 2025-06-20 15:41:00+00:00, dtype: float64",0,"Ticker
F    0.48
dtype: float64"
2025-06-20 11:41:36,T,"Ticker
T    28.059
Name: 2025-06-20 15:41:00+00:00, dtype: float64",0,"Ticker
T    1.37
dtype: float64"
2025-06-20 11:41:36,CVX,"Ticker
CVX    148.960007
Name: 2025-06-20 15:41:00+00:00, dtype: float64",0,"Ticker
CVX    0.3
dtype: float64"
2025-06-20 11:41:36,XOM,"Ticker
XOM    114.165001
Name: 2025-06-20 15:41:00+00:00, dtype: float64",0,"Ticker
XOM    0.63
dtype: float64"
2025-06-20 11:42:48,CRWV,"Ticker
CRWV    183.486206
Name: 2025-06-20 15:42:00+00:00, dtype: float64",0,"Ticker
CRWV    6.74
dtype: float64"
2025-06-20 11:42:48,NVTS,"Ticker
NVTS    6.9187
Name: 2025-06-20 15:42:00+00:00, dtype: float64",0,"Ticker
NVTS   -2.28
dtype: float64"
2025-06-20 11:42:48,USVM,"Ticker
USVM    82.269997
Name: 2025-06-20 15:29:00+00:00, dtype: float64",0,"Ticker
USVM   -0.66
dtype: float64"
2025-06-20 11:42:48,AAPL,"Ticker
AAPL    198.559906
Name: 2025-06-20 15:42:00+00:00, dtype: float64",0,"Ticker
AAPL    0.16
dtype: float64"
2025-06-20 11:42:48,RXRX,"Ticker
RXRX    5.09
Name: 2025-06-20 15:42:00+00:00, dtype: float64",0,"Ticker
RXRX   -2.68
dtype: float64"
2025-06-20 11:42:48,SLNO,"Ticker
SLNO    79.199997
Name: 2025-06-20 15:42:00+00:00, dtype: float64",0,"Ticker
SLNO   -0.68
dtype: float64"
2025-06-20 11:42:48,MNMD,"Ticker
MNMD    6.945
Name: 2025-06-20 15:42:00+00:00, dtype: float64",0,"Ticker
MNMD   -3.81
dtype: float64"
2025-06-20 11:42:48,SNTI,"Ticker
SNTI    2.22
Name: 2025-06-20 15:18:00+00:00, dtype: float64",0,"Ticker
SNTI    0.91
dtype: float64"
2025-06-20 11:42:48,QQQ,"Ticker
QQQ    528.182983
Name: 2025-06-20 15:42:00+00:00, dtype: float64",0,"Ticker
QQQ   -0.74
dtype: float64"
2025-06-20 11:42:48,META,"Ticker
META    688.080017
Name: 2025-06-20 15:42:00+00:00, dtype: float64",0,"Ticker
META   -1.81
dtype: float64"
2025-06-20 11:42:48,BABA,"Ticker
BABA    113.254997
Name: 2025-06-20 15:42:00+00:00, dtype: float64",0,"Ticker
BABA   -0.95
dtype: float64"
2025-06-20 11:42:48,PLTR,"Ticker
PLTR    138.929993
Name: 2025-06-20 15:42:00+00:00, dtype: float64",0,"Ticker
PLTR   -1.27
dtype: float64"
2025-06-20 11:42:48,AMD,"Ticker
AMD    129.279999
Name: 2025-06-20 15:42:00+00:00, dtype: float64",0,"Ticker
AMD    0.26
dtype: float64"
2025-06-20 11:42:48,GOOG,"Ticker
GOOG    170.169998
Name: 2025-06-20 15:42:00+00:00, dtype: float64",0,"Ticker
GOOG   -2.63
dtype: float64"
2025-06-20 11:42:48,COIN,"Ticker
COIN    306.494995
Name: 2025-06-20 15:42:00+00:00, dtype: float64",0,"Ticker
COIN    1.03
dtype: float64"
2025-06-20 11:42:48,F,"Ticker
F    10.55
Name: 2025-06-20 15:42:00+00:00, dtype: float64",0,"Ticker
F    0.57
dtype: float64"
2025-06-20 11:42:48,T,"Ticker
T    28.053801
Name: 2025-06-20 15:42:00+00:00, dtype: float64",0,"Ticker
T    1.35
dtype: float64"
2025-06-20 11:42:48,CVX,"Ticker
CVX    148.889999
Name: 2025-06-20 15:42:00+00:00, dtype: float64",0,"Ticker
CVX    0.25
dtype: float64"
2025-06-20 11:42:48,XOM,"Ticker
XOM    114.135002
Name: 2025-06-20 15:42:00+00:00, dtype: float64",0,"Ticker
XOM    0.6
dtype: float64"
2025-06-20 11:43:48,CRWV,"Ticker
CRWV    185.5
Name: 2025-06-20 15:43:00+00:00, dtype: float64",0,"Ticker
CRWV    7.91
dtype: float64"
2025-06-20 11:43:48,NVTS,"Ticker
NVTS    6.935
Name: 2025-06-20 15:43:00+00:00, dtype: float64",0,"Ticker
NVTS   -2.05
dtype: float64"
2025-06-20 11:43:48,USVM,"Ticker
USVM    82.269997
Name: 2025-06-20 15:29:00+00:00, dtype: float64",0,"Ticker
USVM   -0.66
dtype: float64"
2025-06-20 11:43:48,AAPL,"Ticker
AAPL    198.774994
Name: 2025-06-20 15:43:00+00:00, dtype: float64",0,"Ticker
AAPL    0.27
dtype: float64"
2025-06-20 11:43:48,RXRX,"Ticker
RXRX    5.09
Name: 2025-06-20 15:43:00+00:00, dtype: float64",0,"Ticker
RXRX   -2.68
dtype: float64"
2025-06-20 11:43:48,SLNO,"Ticker
SLNO    79.199997
Name: 2025-06-20 15:42:00+00:00, dtype: float64",0,"Ticker
SLNO   -0.68
dtype: float64"
2025-06-20 11:43:48,MNMD,"Ticker
MNMD    6.935
Name: 2025-06-20 15:43:00+00:00, dtype: float64",0,"Ticker
MNMD   -3.95
dtype: float64"
2025-06-20 11:43:48,SNTI,"Ticker
SNTI    2.2108
Name: 2025-06-20 15:43:00+00:00, dtype: float64",0,"Ticker
SNTI    0.49
dtype: float64"
2025-06-20 11:43:48,QQQ,"Ticker
QQQ    528.51001
Name: 2025-06-20 15:43:00+00:00, dtype: float64",0,"Ticker
QQQ   -0.68
dtype: float64"
2025-06-20 11:43:48,META,"Ticker
META    688.591797
Name: 2025-06-20 15:43:00+00:00, dtype: float64",0,"Ticker
META   -1.74
dtype: float64"
2025-06-20 11:43:48,BABA,"Ticker
BABA    113.279999
Name: 2025-06-20 15:43:00+00:00, dtype: float64",0,"Ticker
BABA   -0.93
dtype: float64"
2025-06-20 11:43:48,PLTR,"Ticker
PLTR    139.050095
Name: 2025-06-20 15:43:00+00:00, dtype: float64",0,"Ticker
PLTR   -1.18
dtype: float64"
2025-06-20 11:43:48,AMD,"Ticker
AMD    129.744995
Name: 2025-06-20 15:43:00+00:00, dtype: float64",0,"Ticker
AMD    0.62
dtype: float64"
2025-06-20 11:43:48,GOOG,"Ticker
GOOG    170.141998
Name: 2025-06-20 15:43:00+00:00, dtype: float64",0,"Ticker
GOOG   -2.65
dtype: float64"
2025-06-20 11:43:48,COIN,"Ticker
COIN    307.769989
Name: 2025-06-20 15:43:00+00:00, dtype: float64",0,"Ticker
COIN    1.45
dtype: float64"
2025-06-20 11:43:48,F,"Ticker
F    10.55
Name: 2025-06-20 15:43:00+00:00, dtype: float64",0,"Ticker
F    0.57
dtype: float64"
2025-06-20 11:43:48,T,"Ticker
T    28.045
Name: 2025-06-20 15:43:00+00:00, dtype: float64",0,"Ticker
T    1.32
dtype: float64"
2025-06-20 11:43:48,CVX,"Ticker
CVX    148.884995
Name: 2025-06-20 15:43:00+00:00, dtype: float64",0,"Ticker
CVX    0.25
dtype: float64"
2025-06-20 11:43:48,XOM,"Ticker
XOM    114.169998
Name: 2025-06-20 15:43:00+00:00, dtype: float64",0,"Ticker
XOM    0.63
dtype: float64"
2025-06-20 16:31:59,CALM,"Ticker
CALM    103.2
Name: 2025-06-20 16:31:00+00:00, dtype: float64",0,"Ticker
CALM    0.0
Name: 2025-06-20 16:31:00+00:00, dtype: float64"
2025-06-20 16:31:59,CRWV,"Ticker
CRWV    184.87
Name: 2025-06-20 16:31:00+00:00, dtype: float64",0,"Ticker
CRWV    0.0
Name: 2025-06-20 16:31:00+00:00, dtype: float64"
2025-06-20 16:31:59,NVTS,"Ticker
NVTS    6.97
Name: 2025-06-20 16:31:00+00:00, dtype: float64",0,"Ticker
NVTS    0.0
Name: 2025-06-20 16:31:00+00:00, dtype: float64"
2025-06-20 16:31:59,USVM,"Ticker
USVM    82.36
Name: 2025-06-20 15:44:00+00:00, dtype: float64",12097,"Ticker
USVM    0.0
Name: 2025-06-20 15:44:00+00:00, dtype: float64"
2025-06-20 16:31:59,AAPL,"Ticker
AAPL    198.48
Name: 2025-06-20 16:31:00+00:00, dtype: float64",51949,"Ticker
AAPL    0.02
Name: 2025-06-20 16:31:00+00:00, dtype: float64"
2025-06-20 16:31:59,RXRX,"Ticker
RXRX    4.95
Name: 2025-06-20 16:31:00+00:00, dtype: float64",0,"Ticker
RXRX    0.0
Name: 2025-06-20 16:31:00+00:00, dtype: float64"
2025-06-20 16:31:59,SLNO,"Ticker
SLNO    79.43
Name: 2025-06-20 16:31:00+00:00, dtype: float64",0,"Ticker
SLNO    0.0
Name: 2025-06-20 16:31:00+00:00, dtype: float64"
2025-06-20 16:31:59,MNMD,"Ticker
MNMD    7.0
Name: 2025-06-20 16:31:00+00:00, dtype: float64",0,"Ticker
MNMD    0.0
Name: 2025-06-20 16:31:00+00:00, dtype: float64"
2025-06-20 16:31:59,SNTI,"Ticker
SNTI    2.18
Name: 2025-06-20 16:30:00+00:00, dtype: float64",0,"Ticker
SNTI    0.0
Name: 2025-06-20 16:30:00+00:00, dtype: float64"
2025-06-20 16:31:59,QQQ,"Ticker
QQQ    527.43
Name: 2025-06-20 16:31:00+00:00, dtype: float64",0,"Ticker
QQQ    0.02
Name: 2025-06-20 16:31:00+00:00, dtype: float64"
2025-06-20 16:31:59,META,"Ticker
META    689.4
Name: 2025-06-20 16:31:00+00:00, dtype: float64",7557,"Ticker
META    0.02
Name: 2025-06-20 16:31:00+00:00, dtype: float64"
2025-06-20 16:31:59,BABA,"Ticker
BABA    113.21
Name: 2025-06-20 16:31:00+00:00, dtype: float64",0,"Ticker
BABA    0.0
Name: 2025-06-20 16:31:00+00:00, dtype: float64"
2025-06-20 16:31:59,PLTR,"Ticker
PLTR    138.67
Name: 2025-06-20 16:31:00+00:00, dtype: float64",78145,"Ticker
PLTR    0.1
Name: 2025-06-20 16:31:00+00:00, dtype: float64"
2025-06-20 16:31:59,AMD,"Ticker
AMD    129.32
Name: 2025-06-20 16:31:00+00:00, dtype: float64",75082,"Ticker
AMD    0.04
Name: 2025-06-20 16:31:00+00:00, dtype: float64"
2025-06-20 16:31:59,GOOGL,"Ticker
GOOGL    169.46
Name: 2025-06-20 16:31:00+00:00, dtype: float64",69101,"Ticker
GOOGL    0.01
Name: 2025-06-20 16:31:00+00:00, dtype: float64"
2025-06-20 16:31:59,COIN,"Ticker
COIN    305.99
Name: 2025-06-20 16:31:00+00:00, dtype: float64",45330,"Ticker
COIN   -0.0
Name: 2025-06-20 16:31:00+00:00, dtype: float64"
2025-06-20 16:31:59,F,"Ticker
F    10.52
Name: 2025-06-20 16:31:00+00:00, dtype: float64",107703,"Ticker
F    0.05
Name: 2025-06-20 16:31:00+00:00, dtype: float64"
2025-06-20 16:31:59,T,"Ticker
T    27.98
Name: 2025-06-20 16:31:00+00:00, dtype: float64",68250,"Ticker
T   -0.02
Name: 2025-06-20 16:31:00+00:00, dtype: float64"
2025-06-20 16:31:59,CVX,"Ticker
CVX    148.76
Name: 2025-06-20 16:31:00+00:00, dtype: float64",17596,"Ticker
CVX    0.02
Name: 2025-06-20 16:31:00+00:00, dtype: float64"
2025-06-20 16:31:59,XOM,"Ticker
XOM    114.24
Name: 2025-06-20 16:31:00+00:00, dtype: float64",25055,"Ticker
XOM    0.01
Name: 2025-06-20 16:31:00+00:00, dtype: float64"
2025-06-20 16:31:59,NVO,"Ticker
NVO    73.29
Name: 2025-06-20 16:31:00+00:00, dtype: float64",8425,"Ticker
NVO   -0.08
Name: 2025-06-20 16:31:00+00:00, dtype: float64"
2025-06-20 16:31:59,LLY,"Ticker
LLY    761.42
Name: 2025-06-20 16:32:00+00:00, dtype: float64",0,"Ticker
LLY    0.0
Name: 2025-06-20 16:32:00+00:00, dtype: float64"
2025-06-20 16:31:59,SPY,"Ticker
SPY    595.17
Name: 2025-06-20 16:32:00+00:00, dtype: float64",0,"Ticker
SPY    0.0
Name: 2025-06-20 16:32:00+00:00, dtype: float64"
2025-06-20 16:31:59,VTI,"Ticker
VTI    293.79
Name: 2025-06-20 16:31:00+00:00, dtype: float64",0,"Ticker
VTI    0.0
Name: 2025-06-20 16:31:00+00:00, dtype: float64"
2025-06-20 16:31:59,IWM,"Ticker
IWM    209.43
Name: 2025-06-20 16:32:00+00:00, dtype: float64",0,"Ticker
IWM    0.0
Name: 2025-06-20 16:32:00+00:00, dtype: float64"
2025-06-20 16:31:59,SOFI,"Ticker
SOFI    15.2
Name: 2025-06-20 16:32:00+00:00, dtype: float64",0,"Ticker
SOFI    0.0
Name: 2025-06-20 16:32:00+00:00, dtype: float64"
2025-06-20 16:31:59,TSLA,"Ticker
TSLA    323.62
Name: 2025-06-20 16:32:00+00:00, dtype: float64",0,"Ticker
TSLA    0.0
Name: 2025-06-20 16:32:00+00:00, dtype: float64"
2025-06-20 16:31:59,NVDA,"Ticker
NVDA    144.08
Name: 2025-06-20 16:32:00+00:00, dtype: float64",0,"Ticker
NVDA    0.0
Name: 2025-06-20 16:32:00+00:00, dtype: float64"
2025-06-20 16:31:59,MSFT,"Ticker
MSFT    479.83
Name: 2025-06-20 16:32:00+00:00, dtype: float64",0,"Ticker
MSFT    0.0
Name: 2025-06-20 16:32:00+00:00, dtype: float64"
2025-06-20 16:31:59,AMZN,"Ticker
AMZN    209.99
Name: 2025-06-20 16:32:00+00:00, dtype: float64",0,"Ticker
AMZN    0.0
Name: 2025-06-20 16:32:00+00:00, dtype: float64"
2025-06-20 16:33:05,CALM,"Ticker
CALM    103.11
Name: 2025-06-20 16:32:00+00:00, dtype: float64",0,"Ticker
CALM    0.0
Name: 2025-06-20 16:32:00+00:00, dtype: float64"
2025-06-20 16:33:05,CRWV,"Ticker
CRWV    184.78
Name: 2025-06-20 16:33:00+00:00, dtype: float64",0,"Ticker
CRWV    0.0
Name: 2025-06-20 16:33:00+00:00, dtype: float64"
2025-06-20 16:33:05,NVTS,"Ticker
NVTS    6.97
Name: 2025-06-20 16:33:00+00:00, dtype: float64",0,"Ticker
NVTS    0.0
Name: 2025-06-20 16:33:00+00:00, dtype: float64"
2025-06-20 16:33:05,USVM,"Ticker
USVM    82.36
Name: 2025-06-20 15:44:00+00:00, dtype: float64",12097,"Ticker
USVM    0.0
Name: 2025-06-20 15:44:00+00:00, dtype: float64"
2025-06-20 16:33:05,AAPL,"Ticker
AAPL    198.55
Name: 2025-06-20 16:33:00+00:00, dtype: float64",0,"Ticker
AAPL    0.0
Name: 2025-06-20 16:33:00+00:00, dtype: float64"
2025-06-20 16:33:05,RXRX,"Ticker
RXRX    4.95
Name: 2025-06-20 16:33:00+00:00, dtype: float64",0,"Ticker
RXRX    0.0
Name: 2025-06-20 16:33:00+00:00, dtype: float64"
2025-06-20 16:33:05,SLNO,"Ticker
SLNO    79.43
Name: 2025-06-20 16:31:00+00:00, dtype: float64",0,"Ticker
SLNO    0.0
Name: 2025-06-20 16:31:00+00:00, dtype: float64"
2025-06-20 16:33:05,MNMD,"Ticker
MNMD    7.0
Name: 2025-06-20 16:33:00+00:00, dtype: float64",0,"Ticker
MNMD    0.0
Name: 2025-06-20 16:33:00+00:00, dtype: float64"
2025-06-20 16:33:05,SNTI,"Ticker
SNTI    2.18
Name: 2025-06-20 16:30:00+00:00, dtype: float64",0,"Ticker
SNTI    0.0
Name: 2025-06-20 16:30:00+00:00, dtype: float64"
2025-06-20 16:33:05,QQQ,"Ticker
QQQ    527.4
Name: 2025-06-20 16:33:00+00:00, dtype: float64",0,"Ticker
QQQ    0.0
Name: 2025-06-20 16:33:00+00:00, dtype: float64"
2025-06-20 16:33:05,META,"Ticker
META    688.85
Name: 2025-06-20 16:33:00+00:00, dtype: float64",0,"Ticker
META    0.0
Name: 2025-06-20 16:33:00+00:00, dtype: float64"
2025-06-20 16:33:05,BABA,"Ticker
BABA    113.25
Name: 2025-06-20 16:33:00+00:00, dtype: float64",0,"Ticker
BABA    0.0
Name: 2025-06-20 16:33:00+00:00, dtype: float64"
2025-06-20 16:33:05,PLTR,"Ticker
PLTR    138.7
Name: 2025-06-20 16:33:00+00:00, dtype: float64",0,"Ticker
PLTR    0.0
Name: 2025-06-20 16:33:00+00:00, dtype: float64"
2025-06-20 16:33:05,AMD,"Ticker
AMD    129.29
Name: 2025-06-20 16:33:00+00:00, dtype: float64",0,"Ticker
AMD    0.0
Name: 2025-06-20 16:33:00+00:00, dtype: float64"
2025-06-20 16:33:05,GOOGL,"Ticker
GOOGL    169.4
Name: 2025-06-20 16:33:00+00:00, dtype: float64",0,"Ticker
GOOGL    0.0
Name: 2025-06-20 16:33:00+00:00, dtype: float64"
2025-06-20 16:33:05,COIN,"Ticker
COIN    307.02
Name: 2025-06-20 16:33:00+00:00, dtype: float64",0,"Ticker
COIN    0.0
Name: 2025-06-20 16:33:00+00:00, dtype: float64"
2025-06-20 16:33:05,F,"Ticker
F    10.53
Name: 2025-06-20 16:33:00+00:00, dtype: float64",0,"Ticker
F    0.0
Name: 2025-06-20 16:33:00+00:00, dtype: float64"
2025-06-20 16:33:05,T,"Ticker
T    27.97
Name: 2025-06-20 16:33:00+00:00, dtype: float64",0,"Ticker
T    0.0
Name: 2025-06-20 16:33:00+00:00, dtype: float64"
2025-06-20 16:33:05,CVX,"Ticker
CVX    148.75
Name: 2025-06-20 16:33:00+00:00, dtype: float64",0,"Ticker
CVX    0.0
Name: 2025-06-20 16:33:00+00:00, dtype: float64"
2025-06-20 16:33:05,XOM,"Ticker
XOM    114.25
Name: 2025-06-20 16:33:00+00:00, dtype: float64",0,"Ticker
XOM    0.0
Name: 2025-06-20 16:33:00+00:00, dtype: float64"
2025-06-20 16:33:05,NVO,"Ticker
NVO    73.29
Name: 2025-06-20 16:32:00+00:00, dtype: float64",4828,"Ticker
NVO    0.0
Name: 2025-06-20 16:32:00+00:00, dtype: float64"
2025-06-20 16:33:05,LLY,"Ticker
LLY    761.42
Name: 2025-06-20 16:32:00+00:00, dtype: float64",0,"Ticker
LLY    0.0
Name: 2025-06-20 16:32:00+00:00, dtype: float64"
2025-06-20 16:33:05,SPY,"Ticker
SPY    595.17
Name: 2025-06-20 16:33:00+00:00, dtype: float64",0,"Ticker
SPY    0.0
Name: 2025-06-20 16:33:00+00:00, dtype: float64"
2025-06-20 16:33:05,VTI,"Ticker
VTI    293.87
Name: 2025-06-20 16:32:00+00:00, dtype: float64",0,"Ticker
VTI    0.0
Name: 2025-06-20 16:32:00+00:00, dtype: float64"
2025-06-20 16:33:05,IWM,"Ticker
IWM    209.39
Name: 2025-06-20 16:33:00+00:00, dtype: float64",0,"Ticker
IWM    0.0
Name: 2025-06-20 16:33:00+00:00, dtype: float64"
2025-06-20 16:33:05,SOFI,"Ticker
SOFI    15.23
Name: 2025-06-20 16:33:00+00:00, dtype: float64",0,"Ticker
SOFI    0.0
Name: 2025-06-20 16:33:00+00:00, dtype: float64"
2025-06-20 16:33:05,TSLA,"Ticker
TSLA    323.65
Name: 2025-06-20 16:33:00+00:00, dtype: float64",0,"Ticker
TSLA    0.0
Name: 2025-06-20 16:33:00+00:00, dtype: float64"
2025-06-20 16:33:05,NVDA,"Ticker
NVDA    144.04
Name: 2025-06-20 16:33:00+00:00, dtype: float64",0,"Ticker
NVDA    0.0
Name: 2025-06-20 16:33:00+00:00, dtype: float64"
2025-06-20 16:33:05,MSFT,"Ticker
MSFT    479.89
Name: 2025-06-20 16:33:00+00:00, dtype: float64",0,"Ticker
MSFT    0.0
Name: 2025-06-20 16:33:00+00:00, dtype: float64"
2025-06-20 16:33:05,AMZN,"Ticker
AMZN    209.99
Name: 2025-06-20 16:33:00+00:00, dtype: float64",0,"Ticker
AMZN    0.0
Name: 2025-06-20 16:33:00+00:00, dtype: float64"
2025-06-20 16:34:12,CALM,"Ticker
CALM    103.11
Name: 2025-06-20 16:32:00+00:00, dtype: float64",0,"Ticker
CALM    0.0
Name: 2025-06-20 16:32:00+00:00, dtype: float64"
2025-06-20 16:34:12,CRWV,"Ticker
CRWV    185.18
Name: 2025-06-20 16:34:00+00:00, dtype: float64",0,"Ticker
CRWV    0.0
Name: 2025-06-20 16:34:00+00:00, dtype: float64"
2025-06-20 16:34:12,NVTS,"Ticker
NVTS    6.97
Name: 2025-06-20 16:34:00+00:00, dtype: float64",0,"Ticker
NVTS    0.0
Name: 2025-06-20 16:34:00+00:00, dtype: float64"
2025-06-20 16:34:12,USVM,"Ticker
USVM    82.36
Name: 2025-06-20 15:44:00+00:00, dtype: float64",12097,"Ticker
USVM    0.0
Name: 2025-06-20 15:44:00+00:00, dtype: float64"
2025-06-20 16:34:12,AAPL,"Ticker
AAPL    198.62
Name: 2025-06-20 16:34:00+00:00, dtype: float64",0,"Ticker
AAPL    0.0
Name: 2025-06-20 16:34:00+00:00, dtype: float64"
2025-06-20 16:34:12,RXRX,"Ticker
RXRX    4.96
Name: 2025-06-20 16:34:00+00:00, dtype: float64",0,"Ticker
RXRX    0.0
Name: 2025-06-20 16:34:00+00:00, dtype: float64"
2025-06-20 16:34:12,SLNO,"Ticker
SLNO    79.51
Name: 2025-06-20 16:34:00+00:00, dtype: float64",0,"Ticker
SLNO    0.0
Name: 2025-06-20 16:34:00+00:00, dtype: float64"
2025-06-20 16:34:12,MNMD,"Ticker
MNMD    6.98
Name: 2025-06-20 16:33:00+00:00, dtype: float64",0,"Ticker
MNMD    0.0
Name: 2025-06-20 16:33:00+00:00, dtype: float64"
2025-06-20 16:34:12,SNTI,"Ticker
SNTI    2.18
Name: 2025-06-20 16:30:00+00:00, dtype: float64",0,"Ticker
SNTI    0.0
Name: 2025-06-20 16:30:00+00:00, dtype: float64"
2025-06-20 16:34:12,QQQ,"Ticker
QQQ    527.57
Name: 2025-06-20 16:34:00+00:00, dtype: float64",0,"Ticker
QQQ    0.0
Name: 2025-06-20 16:34:00+00:00, dtype: float64"
2025-06-20 16:34:12,META,"Ticker
META    689.08
Name: 2025-06-20 16:34:00+00:00, dtype: float64",0,"Ticker
META    0.0
Name: 2025-06-20 16:34:00+00:00, dtype: float64"
2025-06-20 16:34:12,BABA,"Ticker
BABA    113.3
Name: 2025-06-20 16:34:00+00:00, dtype: float64",0,"Ticker
BABA    0.0
Name: 2025-06-20 16:34:00+00:00, dtype: float64"
2025-06-20 16:34:12,PLTR,"Ticker
PLTR    138.86
Name: 2025-06-20 16:34:00+00:00, dtype: float64",0,"Ticker
PLTR    0.0
Name: 2025-06-20 16:34:00+00:00, dtype: float64"
2025-06-20 16:34:12,AMD,"Ticker
AMD    129.44
Name: 2025-06-20 16:34:00+00:00, dtype: float64",0,"Ticker
AMD    0.0
Name: 2025-06-20 16:34:00+00:00, dtype: float64"
2025-06-20 16:34:12,GOOGL,"Ticker
GOOGL    169.42
Name: 2025-06-20 16:34:00+00:00, dtype: float64",0,"Ticker
GOOGL    0.0
Name: 2025-06-20 16:34:00+00:00, dtype: float64"
2025-06-20 16:34:12,COIN,"Ticker
COIN    307.98
Name: 2025-06-20 16:34:00+00:00, dtype: float64",0,"Ticker
COIN    0.0
Name: 2025-06-20 16:34:00+00:00, dtype: float64"
2025-06-20 16:34:12,F,"Ticker
F    10.52
Name: 2025-06-20 16:34:00+00:00, dtype: float64",0,"Ticker
F    0.0
Name: 2025-06-20 16:34:00+00:00, dtype: float64"
2025-06-20 16:34:12,T,"Ticker
T    27.97
Name: 2025-06-20 16:34:00+00:00, dtype: float64",0,"Ticker
T    0.0
Name: 2025-06-20 16:34:00+00:00, dtype: float64"
2025-06-20 16:34:12,CVX,"Ticker
CVX    148.71
Name: 2025-06-20 16:34:00+00:00, dtype: float64",0,"Ticker
CVX    0.0
Name: 2025-06-20 16:34:00+00:00, dtype: float64"
2025-06-20 16:34:12,XOM,"Ticker
XOM    114.22
Name: 2025-06-20 16:34:00+00:00, dtype: float64",0,"Ticker
XOM    0.0
Name: 2025-06-20 16:34:00+00:00, dtype: float64"
2025-06-20 16:34:12,NVO,"Ticker
NVO    73.34
Name: 2025-06-20 16:34:00+00:00, dtype: float64",0,"Ticker
NVO    0.0
Name: 2025-06-20 16:34:00+00:00, dtype: float64"
2025-06-20 16:34:12,LLY,"Ticker
LLY    761.61
Name: 2025-06-20 16:34:00+00:00, dtype: float64",0,"Ticker
LLY    0.0
Name: 2025-06-20 16:34:00+00:00, dtype: float64"
2025-06-20 16:34:12,SPY,"Ticker
SPY    595.27
Name: 2025-06-20 16:34:00+00:00, dtype: float64",0,"Ticker
SPY    0.0
Name: 2025-06-20 16:34:00+00:00, dtype: float64"
2025-06-20 16:34:12,VTI,"Ticker
VTI    293.88
Name: 2025-06-20 16:34:00+00:00, dtype: float64",0,"Ticker
VTI    0.0
Name: 2025-06-20 16:34:00+00:00, dtype: float64"
2025-06-20 16:34:12,IWM,"Ticker
IWM    209.47
Name: 2025-06-20 16:34:00+00:00, dtype: float64",0,"Ticker
IWM    0.0
Name: 2025-06-20 16:34:00+00:00, dtype: float64"
2025-06-20 16:34:12,SOFI,"Ticker
SOFI    15.21
Name: 2025-06-20 16:34:00+00:00, dtype: float64",0,"Ticker
SOFI    0.0
Name: 2025-06-20 16:34:00+00:00, dtype: float64"
2025-06-20 16:34:12,TSLA,"Ticker
TSLA    324.08
Name: 2025-06-20 16:34:00+00:00, dtype: float64",0,"Ticker
TSLA    0.0
Name: 2025-06-20 16:34:00+00:00, dtype: float64"
2025-06-20 16:34:12,NVDA,"Ticker
NVDA    144.1
Name: 2025-06-20 16:34:00+00:00, dtype: float64",0,"Ticker
NVDA    0.0
Name: 2025-06-20 16:34:00+00:00, dtype: float64"
2025-06-20 16:34:12,MSFT,"Ticker
MSFT    480.11
Name: 2025-06-20 16:34:00+00:00, dtype: float64",0,"Ticker
MSFT    0.0
Name: 2025-06-20 16:34:00+00:00, dtype: float64"
2025-06-20 16:34:12,AMZN,"Ticker
AMZN    210.02
Name: 2025-06-20 16:34:00+00:00, dtype: float64",0,"Ticker
AMZN    0.0
Name: 2025-06-20 16:34:00+00:00, dtype: float64"
2025-06-20 16:35:18,CALM,"Ticker
CALM    103.11
Name: 2025-06-20 16:32:00+00:00, dtype: float64",0,"Ticker
CALM    0.0
Name: 2025-06-20 16:32:00+00:00, dtype: float64"
2025-06-20 16:35:18,CRWV,"Ticker
CRWV    184.98
Name: 2025-06-20 16:35:00+00:00, dtype: float64",0,"Ticker
CRWV    0.0
Name: 2025-06-20 16:35:00+00:00, dtype: float64"
2025-06-20 16:35:18,NVTS,"Ticker
NVTS    6.97
Name: 2025-06-20 16:35:00+00:00, dtype: float64",0,"Ticker
NVTS    0.0
Name: 2025-06-20 16:35:00+00:00, dtype: float64"
2025-06-20 16:35:18,USVM,"Ticker
USVM    82.36
Name: 2025-06-20 15:44:00+00:00, dtype: float64",12097,"Ticker
USVM    0.0
Name: 2025-06-20 15:44:00+00:00, dtype: float64"
2025-06-20 16:35:18,AAPL,"Ticker
AAPL    198.67
Name: 2025-06-20 16:35:00+00:00, dtype: float64",0,"Ticker
AAPL    0.0
Name: 2025-06-20 16:35:00+00:00, dtype: float64"
2025-06-20 16:35:18,RXRX,"Ticker
RXRX    4.97
Name: 2025-06-20 16:35:00+00:00, dtype: float64",0,"Ticker
RXRX    0.0
Name: 2025-06-20 16:35:00+00:00, dtype: float64"
2025-06-20 16:35:18,SLNO,"Ticker
SLNO    79.51
Name: 2025-06-20 16:34:00+00:00, dtype: float64",0,"Ticker
SLNO    0.0
Name: 2025-06-20 16:34:00+00:00, dtype: float64"
2025-06-20 16:35:18,MNMD,"Ticker
MNMD    6.98
Name: 2025-06-20 16:33:00+00:00, dtype: float64",0,"Ticker
MNMD    0.0
Name: 2025-06-20 16:33:00+00:00, dtype: float64"
2025-06-20 16:35:18,SNTI,"Ticker
SNTI    2.18
Name: 2025-06-20 16:35:00+00:00, dtype: float64",0,"Ticker
SNTI    0.0
Name: 2025-06-20 16:35:00+00:00, dtype: float64"
2025-06-20 16:35:18,QQQ,"Ticker
QQQ    527.45
Name: 2025-06-20 16:35:00+00:00, dtype: float64",0,"Ticker
QQQ    0.0
Name: 2025-06-20 16:35:00+00:00, dtype: float64"
2025-06-20 16:35:18,META,"Ticker
META    688.84
Name: 2025-06-20 16:35:00+00:00, dtype: float64",0,"Ticker
META    0.0
Name: 2025-06-20 16:35:00+00:00, dtype: float64"
2025-06-20 16:35:18,BABA,"Ticker
BABA    113.28
Name: 2025-06-20 16:35:00+00:00, dtype: float64",0,"Ticker
BABA    0.0
Name: 2025-06-20 16:35:00+00:00, dtype: float64"
2025-06-20 16:35:18,PLTR,"Ticker
PLTR    138.69
Name: 2025-06-20 16:35:00+00:00, dtype: float64",0,"Ticker
PLTR    0.0
Name: 2025-06-20 16:35:00+00:00, dtype: float64"
2025-06-20 16:35:18,AMD,"Ticker
AMD    129.38
Name: 2025-06-20 16:35:00+00:00, dtype: float64",0,"Ticker
AMD    0.0
Name: 2025-06-20 16:35:00+00:00, dtype: float64"
2025-06-20 16:35:18,GOOGL,"Ticker
GOOGL    169.34
Name: 2025-06-20 16:35:00+00:00, dtype: float64",0,"Ticker
GOOGL    0.0
Name: 2025-06-20 16:35:00+00:00, dtype: float64"
2025-06-20 16:35:18,COIN,"Ticker
COIN    307.58
Name: 2025-06-20 16:35:00+00:00, dtype: float64",0,"Ticker
COIN    0.0
Name: 2025-06-20 16:35:00+00:00, dtype: float64"
2025-06-20 16:35:18,F,"Ticker
F    10.52
Name: 2025-06-20 16:35:00+00:00, dtype: float64",0,"Ticker
F    0.0
Name: 2025-06-20 16:35:00+00:00, dtype: float64"
2025-06-20 16:35:18,T,"Ticker
T    27.98
Name: 2025-06-20 16:35:00+00:00, dtype: float64",0,"Ticker
T    0.0
Name: 2025-06-20 16:35:00+00:00, dtype: float64"
2025-06-20 16:35:18,CVX,"Ticker
CVX    148.72
Name: 2025-06-20 16:35:00+00:00, dtype: float64",0,"Ticker
CVX    0.0
Name: 2025-06-20 16:35:00+00:00, dtype: float64"
2025-06-20 16:35:18,XOM,"Ticker
XOM    114.25
Name: 2025-06-20 16:35:00+00:00, dtype: float64",0,"Ticker
XOM    0.0
Name: 2025-06-20 16:35:00+00:00, dtype: float64"
2025-06-20 16:35:18,NVO,"Ticker
NVO    73.32
Name: 2025-06-20 16:35:00+00:00, dtype: float64",0,"Ticker
NVO    0.0
Name: 2025-06-20 16:35:00+00:00, dtype: float64"
2025-06-20 16:35:18,LLY,"Ticker
LLY    761.65
Name: 2025-06-20 16:35:00+00:00, dtype: float64",0,"Ticker
LLY    0.0
Name: 2025-06-20 16:35:00+00:00, dtype: float64"
2025-06-20 16:35:18,SPY,"Ticker
SPY    595.19
Name: 2025-06-20 16:35:00+00:00, dtype: float64",0,"Ticker
SPY    0.0
Name: 2025-06-20 16:35:00+00:00, dtype: float64"
2025-06-20 16:35:18,VTI,"Ticker
VTI    293.9
Name: 2025-06-20 16:34:00+00:00, dtype: float64",0,"Ticker
VTI    0.0
Name: 2025-06-20 16:34:00+00:00, dtype: float64"
2025-06-20 16:35:18,IWM,"Ticker
IWM    209.46
Name: 2025-06-20 16:35:00+00:00, dtype: float64",0,"Ticker
IWM    0.0
Name: 2025-06-20 16:35:00+00:00, dtype: float64"
2025-06-20 16:35:18,SOFI,"Ticker
SOFI    15.21
Name: 2025-06-20 16:35:00+00:00, dtype: float64",0,"Ticker
SOFI    0.0
Name: 2025-06-20 16:35:00+00:00, dtype: float64"
2025-06-20 16:35:18,TSLA,"Ticker
TSLA    324.23
Name: 2025-06-20 16:35:00+00:00, dtype: float64",0,"Ticker
TSLA    0.0
Name: 2025-06-20 16:35:00+00:00, dtype: float64"
2025-06-20 16:35:18,NVDA,"Ticker
NVDA    144.03
Name: 2025-06-20 16:35:00+00:00, dtype: float64",0,"Ticker
NVDA    0.0
Name: 2025-06-20 16:35:00+00:00, dtype: float64"
2025-06-20 16:35:18,MSFT,"Ticker
MSFT    480.0
Name: 2025-06-20 16:35:00+00:00, dtype: float64",0,"Ticker
MSFT    0.0
Name: 2025-06-20 16:35:00+00:00, dtype: float64"
2025-06-20 16:35:18,AMZN,"Ticker
AMZN    210.04
Name: 2025-06-20 16:35:00+00:00, dtype: float64",0,"Ticker
AMZN    0.0
Name: 2025-06-20 16:35:00+00:00, dtype: float64"
